method,k,min_mean_rmse
method_1,62,0.18253642655172816
method_2,68,0.19309916347863212
method_3,68,0.24782198769424435
method_4,74,0.10118957406365885
