method,k,min_mean_rmse
method_1,62,0.182058031360058
method_2,68,0.19277622783610218
method_3,68,0.24775936333248078
method_4,74,0.1013763378282605
