method,k,mean,std,min,max
method_1,60,0.019828854548491755,0.001288127456015128,0.017358691780412366,0.022140911737370816
method_2,60,0.023637583868633072,0.001162698345222764,0.021713902885385366,0.025867761155383324
method_3,60,0.028769583965425134,0.002167051226031155,0.02541944926324858,0.03264987779292034
method_4,60,0.014565524231986376,0.0006913639615313553,0.013358682575636889,0.015492435248677633
