method,k,min_mean_rmse
method_1,128,1.4764593114723435e-06
method_2,128,2.7025480906589147e-06
method_3,150,0.00835865639821401
method_4,128,1.8344934353586985e-06
