method,k,min_mean_rmse
method_1,62,0.18136310245054002
method_2,68,0.19282691473446217
method_3,68,0.24779490308732818
method_4,74,0.1010333731564494
