method,k,min_mean_rmse
method_1,62,0.18191692665239093
method_2,68,0.19248725379694
method_3,68,0.2474829742207884
method_4,74,0.10104938440966595
