method,k,min_mean_rmse
method_1,63,0.019205061825187206
method_2,75,0.018077995928269502
method_3,69,0.026267183225735447
method_4,63,0.013549056334004057
