method,k,min_mean_rmse
method_1,129,1.4427278898361294e-05
method_2,129,2.5680191174171147e-05
method_3,257,3.276715311950816e-05
method_4,129,1.682430868038692e-05
