method,k,min_mean_rmse
method_1,63,0.019220129096665598
method_2,69,0.02049032518040336
method_3,69,0.026314567662947354
method_4,63,0.01358299746001001
