method,k,min_mean_rmse
method_1,62,0.18198898647115175
method_2,68,0.192757570618036
method_3,68,0.24773358798899134
method_4,74,0.10110628780031512
