method,k,min_mean_rmse
method_1,63,0.019090658032919875
method_2,75,0.018156074214810188
method_3,69,0.026151471174776713
method_4,63,0.013530814160227616
