method,k,min_mean_rmse
method_1,128,1.5104903801143507e-06
method_2,128,2.694019502401225e-06
method_3,150,0.009706397747756864
method_4,128,1.763058674368748e-06
