method,k,min_mean_rmse
method_1,63,0.019080956042088756
method_2,75,0.01808950891068032
method_3,69,0.026134629746485113
method_4,63,0.013553154148468902
