method,k,min_mean_rmse
method_1,62,0.18183326368102423
method_2,68,0.19282634648643138
method_3,68,0.24763924530235545
method_4,74,0.10095715216479913
