method,k,min_mean_rmse
method_1,63,0.01865563027198744
method_2,69,0.019867911622753406
method_3,69,0.026574866051214664
method_4,63,0.013771766186231446
