method,k,min_mean_rmse
method_1,62,0.1822174573161927
method_2,68,0.19269453199893963
method_3,68,0.24773807316158064
method_4,74,0.10114222491127954
