method,k,mean,std,min,max
method_1,34,0.02978943272722419,0.004510314649915958,0.016437364525619717,0.05242669229431407
method_1,63,0.019220129096665598,0.003529617857250586,0.007996270192157044,0.030139684344245177
method_2,22,0.04216616518010103,0.004445456392810149,0.0329735070481367,0.06722594397757387
method_2,69,0.02049032518040336,0.003433607085188875,0.009945911098666972,0.02855958652610012
method_3,25,0.040202794179874365,0.004610969735475711,0.02980558484340239,0.06900524811313218
method_3,69,0.026314567662947354,0.0037921731077180092,0.015366172590471535,0.03812439517416927
method_4,22,0.030992785962536257,0.002989148487729023,0.024083560002122313,0.044870131691599834
method_4,63,0.01358299746001001,0.0020421261878235696,0.007628067616467878,0.020147400079156087
