method,k,min_mean_rmse
method_1,128,1.4428083089330839e-05
method_2,128,2.570715027642007e-05
method_3,150,0.09237402081935457
method_4,128,1.6802405065074123e-05
