method,k,min_rmse
method_1,60,0.017358691780412366
method_2,60,0.021713902885385366
method_3,60,0.02541944926324858
method_4,60,0.013358682575636889
