method,k,min_mean_rmse
method_1,128,1.5216622913697111e-06
method_2,128,2.7039201221977885e-06
method_3,150,0.009706526833278904
method_4,128,1.7656870621259343e-06
