method,k,min_rmse
method_1,128,1.2070841494564208e-06
method_2,128,2.3360990897435267e-06
method_3,150,0.0014220199485135382
method_4,128,1.3324275470393007e-06
