method,k,min_mean_rmse
method_1,63,0.0192315755983956
method_2,75,0.018075318528932176
method_3,69,0.026278293309665444
method_4,63,0.013545129698439231
