clusters,mean,std,min,max
8,0.7927416110974127,0.07035855794798423,0.5814814960306208,1.0020027938197673
