clusters,mean,std,min,max
8,0.7826514394128766,0.0674819669433079,0.5869132262492768,0.9356836466208837
