clusters,mean,std,min,max
8,0.7967738152017797,0.07094956877655503,0.5376900377014995,0.9625903845396929
