clusters,mean,std,min,max
45,0.7767166767919247,0.06475783705999934,0.5275501839237364,0.9226238212219919
