clusters,mean,std,min,max
8,0.7868379373399189,0.071801348853696,0.5849137046379339,0.9530157592053645
