clusters,mean,std,min,max
8,0.7970984557871862,0.07101419694103225,0.6136299525703126,0.945859804563629
