clusters,mean,std,min,max
45,0.7874794463100173,0.06864169490495531,0.5530585322127282,0.930732808544204
