k,mean,std,min,max
45,1.1865851167873536,0.9079645009535386,0.6035119480769049,6.4073146240007866
