k,mean,std,min,max
1,0.7584465276650825,0.02629941122148999,0.6863201430261259,0.8170737005285666
