k,mean,std,min,max
45,1.1994643968916692,0.9188834037498189,0.6035119480769049,6.4073146240007866
