k,mean,std,min,max
1,0.7585482815134001,0.028007915555763097,0.6727951560810199,0.8381763992593798
45,1.8040911645232915,4.220150316814366,0.6003649082184968,33.11745988571099
