k,mean,std,min,max
45,1.2041026596642772,0.9433893038078413,0.5911953802149295,6.4073146240007866
