k,mean,std,min,max
45,1.2715683103057722,1.1523924579404095,0.6035119480769049,8.34846606237439
