k,mean,std,min,max
1,0.758232968828168,0.02705172542981774,0.6744034762934469,0.8170737005285666
