method,threshold,min_rel_mse
method_1,0.99,0.005574740469455719
method_2,0.99,0.004912081174552441
method_3,0.99,0.023399008437991142
method_4,0.99,0.001472694450058043
